"","gene","logFC","AveExpr","t","P.Value","adj.P.Val","seq","gene_len","blast","diamond","interpro","anno","length","b.status.final","cov.04v13","b.status","b.status.asn","b.status.kmer"
"1","g13530",5.65760901941651,6.04104472289721,20.6641884265564,2.4506503568082e-17,4.59472435397969e-13,"scaffold_266",3107,"SAP_BOVIN","A0A437BE89","Saposin-like type B, region 1,Saposin A-type domain,Saposin-like type B, region 2","Y",513539,"A",-0.0200443239330516,"A","A","A"
"2","g9061",6.51879027865686,-3.07378944834512,18.0279467569828,5.72528648618237e-16,5.36716981647166e-12,"scaffold_848",1328,NA,NA,"Predicted AAA-ATPase","Y",36415,"B1",1.38857690730129,"B.strict","A","B"
"3","g18439",8.26710235774873,-1.7074944232765,15.8021256981266,1.13919894201429e-14,7.11961365460865e-11,"scaffold_1579",577,"CSN4_DANRE","A0A2J7R0G0","CSN4/RPN5/eIF3a helix turn helix domain,PCI domain","Y",11810,"B3",-0.3628997,"B.strict","A","B"
"4","g4593",8.68402397975903,-2.65478592467052,13.7459267031593,2.50057183659057e-13,1.17208053410592e-09,"scaffold_888",655,NA,NA,"Eukaryotic-type carbonic anhydrase","Y",31817,"A",-2.6127425295222,"A","A","A"
"5","g13191",5.67815732671688,-3.59965306503292,13.1788745763786,6.21229335773833e-13,2.21023411302221e-09,"scaffold_979",953,NA,NA,NA,"N",25972,"A",-1.33898736424306,"A","A","A"
"6","g4057",8.9672520081443,-0.890300193727616,13.1040232189332,7.0731263950788e-13,2.21023411302221e-09,"scaffold_438",1747,NA,NA,"BTB/POZ domain,BTB And C-terminal Kelch","Y",280546,"A",0.201201988679961,"A","A","A"
"7","g21295",7.95253285486872,-2.73180665248218,12.7873691421255,1.1937273330349e-12,2.60940643394597e-09,"scaffold_43",422,NA,NA,NA,"N",1553300,"A",-0.218640756987725,"A","A","A"
"8","g864",6.97120562332301,-3.29326780548207,12.7816564494727,1.20269962601902e-12,2.60940643394597e-09,"scaffold_158",441,NA,NA,"Transcription activator MBF2","Y",859120,"A",-0.331860621334502,"A","A","A"
"9","g4056",6.92330383880083,-2.78493767931802,12.7574291526863,1.25258189266168e-12,2.60940643394597e-09,"scaffold_438",815,NA,NA,NA,"N",280546,"A",0.201201988679961,"A","A","A"
"10","g4591",5.2169803665885,-4.50301262580757,11.4542628297035,1.22107773939988e-11,2.28939865360084e-08,"scaffold_793",400,NA,NA,"GNS1/SUR4 family","Y",47033,"A",-3.57793692025621,"A","A","A"
"11","g20279",8.90546604724907,-1.82221854770273,11.1294281596033,2.23476260446012e-11,3.80905127918389e-08,"scaffold_119",1413,NA,NA,"Sugar (and other) transporter","Y",991669,"A",-0.015208061271447,"A","A","A"
"12","g20277",7.11416145456704,-2.54648119205931,10.9374082701015,3.17897997817343e-11,4.9668913008978e-08,"scaffold_119",1422,NA,"T1I516","Sugar (and other) transporter","Y",991669,"A",-0.015208061271447,"A","A","A"
"13","g1128",3.7253542648751,5.11022361243524,10.6436279437151,5.53186209586736e-11,7.40834874538694e-08,"scaffold_605",2789,NA,"A0A2J7PQL3","RhoGEF domain","Y",140797,"A",-2.17625348427945,"A","A","A"
"14","g7822",7.54792042027136,-1.96666527710146,9.89960434564638,2.37998764726154e-10,2.62484637638274e-07,"scaffold_805",1069,NA,NA,NA,"N",45340,"A",-0.0150398183614996,"A","A","A"
"15","g20018",4.9718451645115,4.0163499984528,9.8229359365074,2.76519224755819e-10,2.87975813172606e-07,"scaffold_894",643,"TCPA_DROME","A0A2J7QHG0","TCP-1/cpn60 chaperonin family","Y",31517,"A",0.104964270439442,"A","A","A"
"16","g10968",8.10702307025867,-2.24303861905044,9.7990643650828,2.91831055004508e-10,2.87975813172606e-07,"scaffold_1",638,NA,NA,NA,"N",4205925,"A",-0.407990358368454,"A","A","A"
"17","g1208",5.74121826379639,-2.87207324622198,9.58907060405026,4.44314625914779e-10,4.16522746063809e-07,"scaffold_2293",283,"FAS_CHICK","A0A2J7PFW7",NA,"Y",4891,"B1",0.3195591,"B.strict","A","B"
"18","g13321",5.98608555838521,-3.17629273729504,9.35565607493542,7.18113736209395e-10,5.85232712248661e-07,"scaffold_15",888,NA,NA,NA,"N",2222211,"A",-0.381851299844664,"A","A","A"
"19","g12378",5.03421249736939,-4.36092432912816,9.3348867940314,7.49137825695657e-10,5.85232712248661e-07,"scaffold_231",1309,NA,NA,NA,"N",613014,"A",-0.234883301918919,"A","A","A"
"20","g4055",6.10755814625746,-1.5654888331978,9.26756855166488,8.62377126727961e-10,6.29595054081185e-07,"scaffold_438",383,NA,NA,NA,"N",280546,"A",0.201201988679961,"A","A","A"
"21","g1060",6.44570504428207,1.46874961573104,9.26189681422963,8.73085039528018e-10,6.29595054081185e-07,"scaffold_197",602,NA,NA,NA,"N",695333,"A",-0.302707020010726,"A","A","A"
"22","g4224",10.0191570831437,-1.05943673259372,9.23742227571019,9.33842956728614e-10,6.48467466507585e-07,"scaffold_28",1133,"SPOP_XENTR","N6U5F7","BTB/POZ domain","Y",1812903,"A",0.0615545488203059,"A","A","A"
"23","g13531",6.05668542366972,-1.64092329548502,8.76039633508031,2.52100418925038e-09,1.47707211075798e-06,"scaffold_266",886,NA,NA,"THAP domain","Y",513539,"A",-0.0200443239330516,"A","A","A"
"24","g2645",9.00902319823998,-1.05728111793734,8.5973467581527,3.62596793761864e-09,2.06009917764884e-06,"scaffold_1454",894,NA,"J9K3D3","Thioesterase domain","Y",13677,"B3",-0.2613518,"B.strict","A","A"
"25","g20085",6.9389276621674,-2.49687636895536,8.51653397818231,4.28220031246881e-09,2.36138157819052e-06,"scaffold_552",1087,NA,NA,NA,"N",189883,"B1",1.94663466562078,"B.strict","A","B"
"26","g354",3.4791461153844,1.52955082281615,8.36313508038182,5.97316739269411e-09,3.19974044130348e-06,"scaffold_42",2124,NA,"A0A374CGF3","Predicted AAA-ATPase","Y",1571520,"A",-0.296515022661438,"A","A","A"
"27","g11908",7.80652527360531,-3.20954999411971,8.13181447243226,1.00435272830375e-08,4.95542350078081e-06,"scaffold_74",449,NA,NA,NA,"N",1279699,"A",-0.154455423423892,"A","A","A"
"28","g5582",6.66922990289094,-2.52122714658298,8.07439151354141,1.13722462690719e-08,5.33045613247072e-06,"scaffold_897",663,"FAS_ANSAN","A0A158NZW8","Beta-ketoacyl synthase, N-terminal domain","Y",31263,"B1",0.42170527814484,"B.strict","A","B"
"29","g19261",5.09013707337875,-2.19973946680655,8.03717015281165,1.23313250026411e-08,5.63902469450045e-06,"scaffold_18",2074,NA,"D6WEX8","Predicted AAA-ATPase","Y",2121024,"A",0.062807759613403,"A","A","A"
"30","g4590",10.0256223055824,-0.634168513675473,7.94507817839883,1.55152804600902e-08,6.92609507967216e-06,"scaffold_793",853,"ELOV6_CHICK","Q29D49","GNS1/SUR4 family","Y",47033,"A",-3.57793692025621,"A","A","A"
"31","g4594",5.84641511036799,-4.28471564844688,7.84679165787368,1.89665970925476e-08,8.26987741600407e-06,"scaffold_888",798,NA,NA,"Eukaryotic-type carbonic anhydrase","Y",31817,"A",-2.6127425295222,"A","A","A"
"32","g19940",2.11087321301498,3.20978158819909,7.75899053577539,2.31312642559982e-08,9.63751274523799e-06,"scaffold_236",923,NA,NA,"Myb/SANT-like DNA-binding domain","Y",587163,"A",0.293994746400536,"A","A","A"
"33","g20686",7.30429512231504,-1.53919477487437,7.66587823438415,2.87813113086819e-08,1.17308870810104e-05,"scaffold_131",2058,NA,NA,"Low-density lipoprotein receptor domain class A,Trypsin","Y",945783,"A",0.121336882920779,"A","A","A"
"34","g22271",5.53003645530894,-3.20013134561818,7.6357179652677,3.07010074383151e-08,1.22470891161909e-05,"scaffold_945",422,NA,NA,NA,"N",27636,"A",0.257285808821613,"A","A","A"
"35","g8364",4.53214440399898,-3.67511319706898,7.57834080588847,3.50083575777354e-08,1.367441033802e-05,"scaffold_275",1595,NA,NA,NA,"N",503033,"A",0.23057257481182,"A","A","A"
"36","g13171",4.26545317255336,-3.64833089780416,7.51647705486039,4.03808146233339e-08,1.54510182320997e-05,"scaffold_13",2370,NA,NA,NA,"N",2344678,"A",0.0805657756356739,"A","A","A"
"37","g20048",9.41478953854731,-0.808916693247435,7.34208198016717,6.18159376469212e-08,2.31797402988425e-05,"scaffold_850",2636,"NRDC_MOUSE","A0A087ZSL6","Insulinase (Peptidase family M16),Middle or third domain of peptidase_M16,Peptidase M16 inactive domain","Y",36264,"A",-1.26225189821126,"A","A","A"
"38","g21179",8.58789037374784,-1.29249513136803,7.2711201754358,7.25171798440056e-08,2.64644076769082e-05,"scaffold_98",2174,"PGBD4_HUMAN","A0A087UIR8","Transposase IS4,DDE_Tnp_1-like zinc-ribbon","Y",1127684,"A",0.24514465794487,"A","A","A"
"39","g6067",6.42877272340756,-1.80987258301527,7.26122466307458,7.33985385460145e-08,2.64644076769082e-05,"scaffold_5",3210,NA,NA,"BTB/POZ domain","Y",2912966,"A",-0.512436122659878,"A","A","A"
"40","g3239",11.7528838009823,0.379111544677392,7.24241405994125,8.01237333229098e-08,2.71989933247262e-05,"scaffold_12",1489,"FACR1_DROME","J9K7D4","Male sterility protein","Y",2392395,"A",-0.150391795909699,"A","A","A"
"41","g20049",9.30233359092322,-0.817865743315289,7.22532682895073,8.12386594583535e-08,2.71989933247262e-05,"scaffold_850",595,NA,NA,NA,"N",36264,"A",-1.26225189821126,"A","A","A"
"42","g23415",6.31754698737854,-2.85090089654184,7.17748295916772,8.93527607222362e-08,2.93907879084422e-05,"scaffold_364",2561,NA,"A0A1D2MNM8","Ubiquitin carboxyl-terminal hydrolase","Y",369540,"A",0.49483194180424,"A","A","A"
"43","g3503",7.08041777363984,-0.158626758596758,7.15597812389416,9.4262182530238e-08,3.04710631079213e-05,"scaffold_10",5368,NA,NA,"BTB/POZ domain,BTB And C-terminal Kelch","Y",2776264,"A",-0.506933298875844,"A","A","A"
"44","g23072",7.43506710109103,-2.37825652710286,7.07859746775764,1.13401737573858e-07,3.60367657249537e-05,"scaffold_82",710,NA,"A0A212FDA2","IPT/TIG domain","Y",1220856,"A",-0.131134994152645,"A","A","A"
"45","g1218",5.5139178908546,-2.92829912239306,7.00292457081011,1.34869249701463e-07,4.21443927108787e-05,"scaffold_704",713,NA,NA,NA,"N",80440,"A",0.015818765022244,"A","A","A"
"46","g14658",6.04810818385307,-2.22815660723058,6.9258673546802,1.62249826398701e-07,4.98692130352334e-05,"scaffold_1980",677,NA,NA,NA,"N",7380,"A",-1.569334,"A","A","A"
"47","g2809",6.85943360847639,-2.19445616297905,6.89215997629265,1.76359627812448e-07,5.24851851088187e-05,"scaffold_817",281,NA,NA,"Proteasome assembly chaperone 4","Y",42457,"A",-0.186849101691396,"A","A","A"
"48","g8084",2.9775448483463,-0.447794895871284,6.73747166836203,2.54410544633215e-07,7.33837430973561e-05,"scaffold_722",245,NA,NA,NA,"N",72024,"A",0.355884627574885,"A","A","A"
"49","g18233",5.76327475977877,-2.61263173292592,6.62787753600235,3.3224157240623e-07,9.29730931499164e-05,"scaffold_78",2754,NA,"A0A1I8MK77","Protein of unknown function (DUF 659),hAT family C-terminal dimerisation region,BED zinc finger","Y",1238903,"A",-0.410988861318145,"A","A","A"
"50","g18174",4.44154598830222,-4.41690037657816,6.59965603888276,3.55182793721317e-07,9.6969163311074e-05,"scaffold_949",713,NA,NA,NA,"N",27297,"A",-2.77023801903677,"A","A","A"
"51","g10916",5.19358796911463,-3.34101751860989,6.52159373745265,4.29753596982124e-07,0.000113485213941096,"scaffold_1",1824,NA,"X1XR80","Amyotrophic lateral sclerosis 2 chromosomal region candidate gene 8,MULE transposase domain","Y",4205925,"A",-0.407990358368454,"A","A","A"
"52","g15527",5.49901802728379,-2.6841804646777,6.4314093360018,5.35937857628247e-07,0.000137647930036603,"scaffold_1202",446,NA,NA,NA,"N",18321,"B3",-1.547978,"B.loose","A","A"
"53","g11372",6.44081248572941,-1.75444904525769,6.38979848047029,5.95169428800803e-07,0.000150795021899814,"scaffold_151",482,NA,NA,NA,"N",880401,"A",-0.186194389548242,"A","A","A"
"54","g9804",2.73664858347985,3.08421976938602,6.35500450247838,6.45337560043179e-07,0.000161325785509994,"scaffold_47",738,"TADBP_XENTR","T1HYV6","RNA recognition motif. (a.k.a. RRM, RBD, or RNP domain)","Y",1504070,"A",-0.0490009644108124,"A","A","A"
"55","g23417",7.0194801074689,-2.34025751359881,6.32330619149549,7.028351992756e-07,0.000171135807158678,"scaffold_364",839,NA,NA,"OB-fold nucleic acid binding domain","Y",369540,"A",0.49483194180424,"A","A","A"
"56","g1574",3.61094867397842,0.0246346491591159,6.25468568882416,8.26077062239721e-07,0.000195244637205229,"scaffold_206",717,NA,NA,NA,"N",683232,"A",-0.0506701170058202,"A","A","A"
"57","g2001",6.90492470561991,-2.72651794701905,6.09452255570686,1.23726272894517e-06,0.000286388134629543,"scaffold_581",862,NA,"J9MAL5","Major Facilitator Superfamily","Y",161916,"A",-0.485206599693474,"A","A","A"
"58","g6525",9.568930598389,0.473434622623617,6.09660138544033,1.26163920736473e-06,0.000288469189010747,"scaffold_52",2295,NA,"A0A1X7TGY6","hAT family C-terminal dimerisation region,BED zinc finger","Y",1435599,"A",-0.134785747536566,"A","A","A"
"59","g18588",4.50252176661338,-2.65353997623433,6.05001795254284,1.3720097329155e-06,0.00030992542749919,"scaffold_240",2174,NA,NA,NA,"N",571683,"A",0.0991263548969637,"A","A","A"
"60","g23414",6.37825959160211,-2.75937452441249,6.04653495914788,1.39035841325881e-06,0.000310331308216541,"scaffold_364",6016,NA,"A0A226F1P1","PIF1-like helicase,Helitron helicase-like domain at N-terminus","Y",369540,"A",0.49483194180424,"A","A","A"
"61","g507",8.42392964549532,-0.714225527089011,5.97899075857679,1.67103689656805e-06,0.0003685914208677,"scaffold_816",601,NA,NA,"ERAP1-like C-terminal domain","Y",42994,"B2",0.23847646001005,"B.loose","A","A"
"62","g11892",4.58782990786032,-1.76747977239536,5.95794113748026,1.72607131406765e-06,0.000376303617063423,"scaffold_74",855,NA,NA,NA,"N",1279699,"A",-0.154455423423892,"A","A","A"
"63","g10961",6.51578745825499,-2.40948012486808,5.95042539595086,1.76843077162463e-06,0.000378954242751589,"scaffold_1",2194,NA,"X1XR80","MULE transposase domain,Amyotrophic lateral sclerosis 2 chromosomal region candidate gene 8","Y",4205925,"A",-0.407990358368454,"A","A","A"
"64","g5232",11.0857285435075,0.390216860757181,5.96767431631728,1.77865344083097e-06,0.000378954242751589,"scaffold_2160",2567,NA,NA,"Transactive response DNA-binding protein N-terminal domain","Y",5884,"B3",-2.328587,"B.loose","A","A"
"65","g20623",10.5354496800103,0.0109717965714042,5.9466752866027,1.86016871060779e-06,0.000391868574777365,"scaffold_215",1143,"PPIA_RABIT","A0A482XF32","Cyclophilin type peptidyl-prolyl cis-trans isomerase/CLD","Y",662663,"A",-0.490191500254504,"A","A","A"
"66","g16189",3.06272046456468,0.995244330336436,5.85351095943464,2.2402853010598e-06,0.000460526058962824,"scaffold_54",972,"LST_PHOPY","A0A232F7D1","Sulfotransferase domain","Y",1412569,"A",0.132418406269263,"A","A","A"
"67","g16062",5.82335898846602,-1.89955677142761,5.85133012953261,2.25976838362471e-06,0.000460526058962824,"scaffold_315",3547,"COPIA_DROME","J9KJ72","gag-polypeptide of LTR copia-type,Reverse transcriptase (RNA-dependent DNA polymerase),GAG-pre-integrase domain","Y",422866,"A",-0.830092772561815,"A","A","A"
"68","g15268",4.25732372699387,-3.63157049583575,5.79510563403149,2.5945634927642e-06,0.0005230695798477,"scaffold_336",305,NA,NA,NA,"N",395308,"A",-0.0720131924999213,"A","A","A"
"69","g3121",3.96457186850106,-0.618836877750014,5.75153756004623,2.89444382157233e-06,0.000573098763210434,"scaffold_1145",305,NA,NA,NA,"N",19693,"A",-1.612732,"A","A","A"
"70","g506",5.49176975571772,-1.24530603233324,5.7511078006465,2.9038552725474e-06,0.000573098763210434,"scaffold_816",905,NA,"A0A2J7RAG5","Peptidase family M1 domain","Y",42994,"B2",0.23847646001005,"B.loose","A","A"
"71","g20011",4.22067106777585,-3.41094975879408,5.71604012315643,3.16537937391943e-06,0.000611831936923871,"scaffold_894",862,NA,NA,NA,"N",31517,"A",0.104964270439442,"A","A","A"
"72","g6210",4.59009317959636,-3.09865553470852,5.69768887419175,3.31623539177047e-06,0.000634449973064332,"scaffold_440",771,NA,NA,"BED zinc finger","Y",279831,"A",0.180185059522116,"A","A","A"
"73","g11595",4.15113202932948,-3.17718893260373,5.67012929165248,3.55358631915673e-06,0.000672991817150197,"scaffold_1801",2521,NA,"J9M2D0","Tc5 transposase DNA-binding domain,helix-turn-helix, Psq domain,DDE superfamily endonuclease","Y",9143,"A",0.3534785,"A","A","A"
"74","g2870",4.12018530274621,1.61676759817881,5.62861133705448,3.94615623694144e-06,0.000732539438479358,"scaffold_89",353,NA,NA,NA,"N",1205502,"A",0.0230417379473991,"A","A","A"
"75","g9541",4.3798438310768,-2.41046458135792,5.5928081769964,4.32070886735765e-06,0.000794205593667535,"scaffold_101",2955,NA,NA,NA,"N",1110711,"A",-0.067778632365172,"A","A","A"
"76","g6396",2.58364183745151,1.70857942718317,5.57506260132041,4.51711114454386e-06,0.000816586354644269,"scaffold_63",2350,NA,"A0A261D9Z1","Predicted AAA-ATPase","Y",1338047,"A",-0.378643509174471,"A","A","A"
"77","g7175",4.06428725826558,-3.78468243243839,5.55242008005958,4.7845602139372e-06,0.00084628037218027,"scaffold_17",4073,NA,"A0A226EUF5","Pao retrotransposon peptidase,Putative peptidase (DUF1758),Protein of unknown function (DUF1759)","Y",2133015,"A",-0.178589466439256,"A","A","A"
"78","g18587",3.16416199536608,-4.1905898192569,5.45500964774003,6.12360542442076e-06,0.00107300446824733,"scaffold_240",995,NA,NA,NA,"N",571683,"A",0.0991263548969637,"A","A","A"
"79","g11905",4.77524119075189,-4.02978482746448,5.39512812700829,7.13745503027425e-06,0.00122324643055114,"scaffold_74",867,NA,NA,NA,"N",1279699,"A",-0.154455423423892,"A","A","A"
"80","g872",5.2575104630668,-1.31607570762429,5.39341525036035,7.17676181986377e-06,0.00122324643055114,"scaffold_158",2129,"RT07_DROME","A0A067QQP8","Ribosomal protein S7p/S5e,MULE transposase domain,Zinc finger, C2H2 type","Y",859120,"A",-0.331860621334502,"A","A","A"
"81","g1680",5.29462095495516,-3.78428039367784,5.34978837692736,8.02085033492863e-06,0.00134270466901408,"scaffold_243",1040,"RDX_DROME","A0A1D2MAL1","BTB/POZ domain","Y",557202,"A",0.335107381579006,"A","A","A"
"82","g3441",7.02379820298995,-0.0939160354300413,5.32189228480807,8.70066440670861e-06,0.0014436173182423,"scaffold_10",1397,"FACR1_DROME","J9K7D4","Male sterility protein","Y",2776264,"A",-0.506933298875844,"A","A","A"
"83","g9552",5.30340184129545,-2.49288660187581,5.309489282597,8.88882458896874e-06,0.00144918758450935,"scaffold_1388",1646,NA,NA,NA,"N",14907,"B1",0.6026681,"B.strict","B","B"
"84","g3439",2.36648760597518,-0.538412913191227,5.28783305579203,9.36983613707041e-06,0.00149687255461075,"scaffold_10",476,NA,NA,NA,"N",2776264,"A",-0.506933298875844,"A","A","A"
"85","g2486",2.95043470846101,0.483303872114536,5.28570673384682,9.42082038743763e-06,0.00149687255461075,"scaffold_49",1706,NA,"D6WTN9",NA,"Y",1467153,"A",-0.211051068802704,"A","A","A"
"86","g7587",2.82452503485036,1.4700484870961,5.24503260314247,1.04507760300435e-05,0.00161844934474064,"scaffold_16",1024,NA,NA,NA,"N",2210925,"A",0.0243750155301392,"A","A","A"
"87","g9254",6.25037622311626,0.601531015601817,5.24487856289676,1.05312720709562e-05,0.00161844934474064,"scaffold_1285",427,NA,NA,NA,"N",16880,"A",-0.6298012,"A","A","A"
"88","g23054",4.17775550664475,-4.28893568860185,5.20438362381359,1.15982883343596e-05,0.00176793746325942,"scaffold_82",283,NA,NA,NA,"N",1220856,"A",-0.131134994152645,"A","A","A"
"89","g9062",4.70489050126742,-3.96229875608422,5.18947920454378,1.20572986784855e-05,0.00182308300744293,"scaffold_848",1025,NA,"A0A1H8D3N8","Predicted AAA-ATPase","Y",36415,"B1",1.38857690730129,"B.strict","A","B"
"90","g2805",7.10224848416763,-1.63391767598048,5.17387086028776,1.27189102031271e-05,0.00189259402697166,"scaffold_817",270,NA,NA,"RNA polymerase Rpb6","Y",42457,"A",-0.186849101691396,"A","A","A"
"91","g6171",4.52273748718839,-2.97391056276515,5.09515177090327,1.53431711957217e-05,0.00222999315308982,"scaffold_5",939,NA,NA,NA,"N",2912966,"A",-0.512436122659878,"A","A","A"
"92","g8280",6.97821369173149,-2.04928540919339,5.04426233865396,1.77210070819408e-05,0.00253626841052906,"scaffold_290",437,NA,NA,NA,"N",475304,"A",0.436164851848916,"A","A","A"
"93","g322",3.85653968394924,-2.10910582174351,5.01123193386355,1.90097994421489e-05,0.00269706560954994,"scaffold_42",940,NA,NA,NA,"N",1571520,"A",-0.296515022661438,"A","A","A"
"94","g20068",5.13038155260368,-0.909589420494886,5.00963579052969,1.91322057747155e-05,0.00269706560954994,"scaffold_604",1188,NA,NA,NA,"N",140827,"A",0.214315971925597,"A","A","A"
"95","g23055",3.68306122116735,-4.52751188688168,4.99839299767176,1.96441947169897e-05,0.00274857467723015,"scaffold_82",395,NA,NA,NA,"N",1220856,"A",-0.131134994152645,"A","A","A"
"96","g21393",4.1158606292199,-2.92004554681913,4.98401435861636,2.03879817035535e-05,0.00282474867973091,"scaffold_110",536,NA,NA,NA,"N",1065314,"A",-0.112448504233571,"A","A","A"
"97","g5035",4.20911801207503,-3.98352456952954,4.98210867175213,2.04899365535977e-05,0.00282474867973091,"scaffold_155",515,NA,NA,"Ecdysteroid kinase","Y",863585,"A",0.175274242369813,"A","A","A"
"98","g11609",3.64863556890511,-0.23360649684917,4.93203681402749,2.32887792067468e-05,0.00314130447012443,"scaffold_289",864,NA,NA,"Fibronectin type III domain","Y",477085,"A",-0.536711310017421,"A","A","A"
"99","g682",5.44395435019672,-1.29098506840285,4.913770392922,2.45039549074028e-05,0.00328160464684925,"scaffold_132",1361,NA,NA,NA,"N",944065,"A",0.0574018976621374,"A","A","A"
"100","g18670",5.32624179119478,-0.812657882923889,4.86816166067118,2.75367630468013e-05,0.0036358223265104,"scaffold_45",4419,"COPIA_DROME","J9KJ72","gag-polypeptide of LTR copia-type,Reverse transcriptase (RNA-dependent DNA polymerase),GAG-pre-integrase domain,Integrase core domain","Y",1519494,"A",-0.531056314899238,"A","A","A"
"101","g16123",3.87393361084795,-0.692219958436095,4.84935011692274,2.88003643234795e-05,0.00377607014476166,"scaffold_484",5004,NA,NA,NA,"N",238483,"A",0.232653876296469,"A","A","A"
"102","g650",5.38224572724161,-2.80069304603721,4.81933472085326,3.12295909891063e-05,0.00406613612121357,"scaffold_132",1073,NA,NA,NA,"N",944065,"A",0.0574018976621374,"A","A","A"
"103","g925",3.29944434694184,0.176027853121761,4.7414295279257,3.79947697299924e-05,0.00491285474253536,"scaffold_1031",1231,NA,NA,NA,"N",23702,"A",-0.1648958,"A","A","A"
"104","g9386",6.211705047348,0.00868805202174517,4.72150755817098,4.04061743262434e-05,0.0051888723454982,"scaffold_153",3729,NA,"J9K020",NA,"Y",873851,"A",-0.70736004240488,"A","A","A"
"105","g9571",2.23049951463862,3.59252316888387,4.66243662060729,4.65473034619329e-05,0.00588988507009261,"scaffold_343",306,NA,NA,NA,"N",389428,"A",0.0319205917381757,"A","A","A"
"106","g18403",3.29315448761761,-0.907290151927059,4.64127125587482,4.91535371246486e-05,0.00614386445033358,"scaffold_2165",2321,NA,NA,NA,"N",5828,"A",0.460127,"A","A","A"
"107","g1162",3.62084037539726,-3.86857227787487,4.61201569486633,5.30005155777816e-05,0.00653754385899886,"scaffold_736",360,NA,NA,NA,"N",68617,"A",-0.2294264396419,"A","A","A"
"108","g23189",2.38319840318126,2.5436336518177,4.58118887193142,5.73618149446314e-05,0.00702925927056793,"scaffold_508",2708,NA,"R4ZGG0",NA,"Y",217096,"A",-0.0930327064377238,"A","A","A"
"109","g11943",3.97490208626298,-3.86174578042138,4.52063249775664,6.70623585430806e-05,0.00805994974566806,"scaffold_1237",694,NA,"K7JKD1",NA,"Y",17712,"A",-0.7409884,"A","A","A"
"110","g18507",2.96424282372357,-0.423935641207916,4.51259676941653,6.84261306096102e-05,0.00817147466751326,"scaffold_273",705,NA,NA,"Eukaryotic-type carbonic anhydrase","Y",509830,"A",0.239544714293008,"A","A","A"
"111","g2319",3.20563910165838,4.53194563843604,4.47887361495952,7.46255646357001e-05,0.00879971516575308,"scaffold_446",1413,NA,NA,NA,"N",270149,"A",0.253920226147652,"A","A","A"
"112","g349",3.84710125423365,-2.51670755094446,4.449756443442,8.04556076051621e-05,0.00936933035397009,"scaffold_42",3909,NA,"A0A0J7N890","Protein of unknown function (DUF1759),Putative peptidase (DUF1758),Pao retrotransposon peptidase","Y",1571520,"A",-0.296515022661438,"A","A","A"
"113","g4767",3.29402445529845,2.68000474102473,4.43592788443222,8.33365833730385e-05,0.00964492346704382,"scaffold_193",570,NA,NA,NA,"N",713562,"A",-0.0239223561174172,"A","A","A"
"114","g23056",3.15490974938259,-4.60478516995608,4.35885802151612,0.000101580238059942,0.0113364754963443,"scaffold_82",288,NA,NA,NA,"N",1220856,"A",-0.131134994152645,"A","A","A"
"115","g9551",3.33820838203248,-3.72377307660456,4.25248708203867,0.000133473820470742,0.0143821877011835,"scaffold_1388",1631,NA,NA,NA,"N",14907,"B1",0.6026681,"B.strict","B","B"
"116","g18197",3.25575207533496,2.86433498037129,4.2398053753515,0.000137881064268713,0.0146882504203074,"scaffold_78",908,NA,NA,NA,"N",1238903,"A",-0.410988861318145,"A","A","A"
"117","g23020",3.53286639589621,-4.18088477952073,4.21259547060616,0.000147864949046285,0.015574831065555,"scaffold_82",296,NA,NA,NA,"N",1220856,"A",-0.131134994152645,"A","A","A"
"118","g20141",6.67838492405786,-0.0678626871185099,4.19405884803397,0.000158559624846838,0.0165157467014076,"scaffold_333",1511,NA,"J9L6S7","YqaJ-like viral recombinase domain","Y",396600,"A",0.21847289288617,"A","A","A"
"119","g12989",3.16886179012394,-4.7940787666633,4.1731365075832,0.000163563372211465,0.0169428158320042,"scaffold_345",213,NA,NA,NA,"N",385631,"A",0.324630960158176,"A","A","A"
"120","g20161",3.02622566469163,1.13814830493365,4.1322489624609,0.000181603594001061,0.0187081636479445,"scaffold_333",658,NA,NA,"FKBP-type peptidyl-prolyl cis-trans isomerase","Y",396600,"A",0.21847289288617,"A","A","A"
"121","g4227",2.66119856682807,-1.6908493177288,4.04953984046826,0.000224347235455104,0.022614442567461,"scaffold_28",1483,"YELL_DROSU","A0A1S3CYU3","Major royal jelly protein","Y",1812903,"A",0.0615545488203059,"A","A","A"
"122","g4800",3.17034276125272,-1.66365605958283,4.01933682567235,0.00024234891132434,0.0241027210886555,"scaffold_169",281,NA,NA,NA,"N",814881,"A",-0.607130212711013,"A","A","A"
"123","g6967",2.45715644257274,1.16327095336979,4.01829637858535,0.000242968386887615,0.0241027210886555,"scaffold_26",3115,NA,"D2CG63","Predicted AAA-ATPase","Y",1877544,"A",-0.164714787764214,"A","A","A"
"124","g17647",3.41894963117145,-4.28789917197524,4.01413451718235,0.000245623073447027,0.024237826337149,"scaffold_1472",1013,NA,"D7EID9","Parvovirus coat protein VP1","Y",13446,"B2",0.5981776,"A","A","B"
"125","g6056",3.89701830584131,-2.10380446815938,3.98202374301059,0.000266770074645264,0.0260503756746044,"scaffold_5",1543,"POL5_DROME","J9LCT9,J9L709","Reverse transcriptase (RNA-dependent DNA polymerase),Integrase core domain,Integrase zinc binding domain,RNase H-like domain found in reverse transcriptase","Y",2912966,"A",-0.512436122659878,"A","A","A"
"126","g20066",2.97598987717794,1.73065037620915,3.97659276940773,0.000270239062871962,0.0262523947657327,"scaffold_604",3046,NA,NA,NA,"N",140827,"A",0.214315971925597,"A","A","A"
"127","g1576",2.42497124173106,2.56127656422253,3.97094155804283,0.000274145088177371,0.0264945683414306,"scaffold_206",1333,NA,"J9LAU4",NA,"Y",683232,"A",-0.0506701170058202,"A","A","A"
"128","g10279",2.43122942307267,5.31976555932997,3.93437159843181,0.000300897027719517,0.0287832570036389,"scaffold_150",2259,"M10B1_DANRE","A0A2J7QS54","AAA domain","Y",889822,"A",-0.178033504278086,"A","A","A"
"129","g5915",1.98067152179111,2.76910430198559,3.90834054830632,0.000321492665331175,0.0302897788054985,"scaffold_139",803,NA,NA,NA,"N",925897,"A",-0.742299505669702,"A","A","A"
"130","g2808",4.00449661087267,-0.235215228527798,3.85877225210589,0.000365169406069217,0.0337269024354274,"scaffold_817",1224,"MYRO1_BREBR","T1HZR0","Glycosyl hydrolase family 1","Y",42457,"A",-0.186849101691396,"A","A","A"
"131","g19517",3.51748340638887,4.29205831280109,3.80565731618934,0.000417389955690066,0.0376421072398463,"scaffold_7",571,NA,NA,"Farnesoic acid 0-methyl transferase","Y",2872801,"A",0.125011332074952,"A","A","A"
"132","g2326",2.9705102638476,-0.160801906385147,3.80529367252415,0.000417598714912157,0.0376421072398463,"scaffold_446",864,NA,NA,"Eukaryotic-type carbonic anhydrase","Y",270149,"A",0.253920226147652,"A","A","A"
"133","g8509",2.38042660047937,-0.168873082081897,3.78757984874442,0.000436721468714673,0.0391774680235952,"scaffold_1336",496,NA,NA,NA,"N",15836,"A",0.9061105,"A","A","A"
"134","g8421",3.23019959630422,1.16410740250294,3.74788645868414,0.000482927798230148,0.0427094966463068,"scaffold_232",858,"FGFR4_XENLA","E0VYK9","Immunoglobulin I-set domain,Immunoglobulin domain","Y",605804,"A",-0.717709862912973,"A","A","A"
"135","g3672",5.07829450425826,-1.12937793201321,3.7290169049178,0.000511103827418825,0.0449009711321205,"scaffold_269",2508,NA,"A0A0J7N0T9",NA,"Y",511711,"A",-0.171085385446641,"A","A","A"
"136","g15426",4.24570812516338,2.83595723928652,3.72540367600906,0.000512497083699066,0.0449009711321205,"scaffold_29",2332,"MODSP_DROME","T1H816","Low-density lipoprotein receptor domain class A,Trypsin","Y",1762846,"A",0.042220461733349,"A","A","A"
"137","g20162",3.03615431458998,3.81551373959772,3.70269998830113,0.000541199711768996,0.0467601538984189,"scaffold_333",2314,"NB5R2_MOUSE","A0A194Q8Y9","Oxidoreductase NAD-binding domain,Predicted AAA-ATPase,Oxidoreductase FAD-binding domain","Y",396600,"A",0.21847289288617,"A","A","A"
"138","g5324",3.30910791245809,-0.618081101496705,3.68654283708587,0.000563805288067413,0.0484898410365869,"scaffold_1973",881,"VGR_SOLIN",NA,"Low-density lipoprotein receptor domain class A","Y",7471,"A",-1.675884,"A","A","A"
